source,title,url
Hacker News,Show HN: Vectorless RAG,https://github.com/VectifyAI/PageIndex/blob/main/cookbook/pageindex_RAG_simple.ipynb
TechCrunch,Vocal Image is using AI to help people communicate better,https://techcrunch.com/2025/08/29/vocal-image-is-using-ai-to-help-people-communicate-better/
Dev.to,10 Open Source Tools Every Developer Should Know 🔥,https://dev.to/anthonymax/10-open-source-tools-every-developer-should-know-1c8i
Hacker News,Show HN: Vectorless RAG,https://github.com/VectifyAI/PageIndex/blob/main/cookbook/pageindex_RAG_simple.ipynb
TechCrunch,Vocal Image is using AI to help people communicate better,https://techcrunch.com/2025/08/29/vocal-image-is-using-ai-to-help-people-communicate-better/
Dev.to,10 Open Source Tools Every Developer Should Know 🔥,https://dev.to/anthonymax/10-open-source-tools-every-developer-should-know-1c8i
